[
    {"title": "Anxiety disorders", "link": "https://www.health.harvard.edu/mind-and-mood/anxiety-and-stress-disorders"}, 
    {"title": "Psychotic Disorders", "link": "https://www.health.harvard.edu/search?content%5Bquery%5D=Psychotic+Disorders"},
    {"title": "Trauma and Stressor-Related Disorders", "link": "https://www.health.harvard.edu/search?content%5Bquery%5D=Trauma%20Disorders"},
    {"title": "Obsessive-Compulsive and Related Disorders", "link": "https://www.health.harvard.edu/search?content%5Bquery%5D=Obsessive-Compulsive%20and%20Related%20Disorders"},
    {"title": "Dissociative Disorders", "link": "https://www.health.harvard.edu/search?content%5Bquery%5D=Dissociative%20Disorders"},
    {"title": "Somatic Symptom and Related Disorders", "link": "https://www.health.harvard.edu/search?content%5Bquery%5D=Somatic%20Symptom%20and%20Related%20Disorders"},
    {"title": "Feeding and Eating Disorders", "link": "https://www.health.harvard.edu/search?content%5Bquery%5D=Feeding%20and%20Eating%20Disorders"},
    {"title": "Sleep Disorders", "link": "https://www.health.harvard.edu/search?content%5Bquery%5D=Sleep%20Disorders"},
    {"title": "Substance-Related and Addictive Disorders", "link": "https://www.health.harvard.edu/search?content%5Bquery%5D=Substance-Related%20and%20Addictive%20Disorders"},
    {"title": "Neurodevelopmental Disorders", "link": "https://www.health.harvard.edu/search?content%5Bquery%5D=Neurodevelopmental%20Disorders"},
    {"title": "Personality Disorders", "link": "https://www.health.harvard.edu/search?content%5Bquery%5D=Personality%20Disorders"}
]